{
    "name": "H2",
    "basis": "sto-3g",
    "geometry": [
        [
            "H",
            [
                0,
                0,
                0
            ]
        ],
        [
            "H",
            [
                1.0,
                0,
                0
            ]
        ]
    ],
    "n_frozen": 0,
    "n_orbs": 2,
    "n_elec": [
        1,
        1
    ],
    "nuc_energy": 0.52917721092,
    "number_of_terms": 15,
    "qubit_hamiltonian": {
        "IIII": -0.856785400594809,
        "IIIZ": 0.13716572937099503,
        "IIZI": -0.130362920571091,
        "IIZZ": 0.10622904490856078,
        "IZII": 0.13716572937099503,
        "IZIZ": 0.15660062488237947,
        "YYYY": 0.049197645871367546,
        "XXYY": 0.049197645871367546,
        "YYXX": 0.049197645871367546,
        "XXXX": 0.049197645871367546,
        "ZIII": -0.130362920571091,
        "ZIIZ": 0.15542669077992832,
        "IZZI": 0.15542669077992832,
        "ZIZI": 0.16326768673564343,
        "ZZII": 0.10622904490856078
    }
}