{
    "name": "LiH",
    "basis": "sto-3g",
    "geometry": [
        [
            "Li",
            [
                0,
                0,
                0
            ]
        ],
        [
            "H",
            [
                1.596,
                0,
                0
            ]
        ]
    ],
    "active_space": [
        0,
        4
    ],
    "n_orbs": 4,
    "n_elec": [
        2,
        2
    ],
    "nuc_energy": 0.9946940054887219,
    "number_of_terms": 193,
    "qubit_hamiltonian": {
        "IIIIIIII": -5.911193489947461,
        "IIIIIIIZ": 1.3811053057953309,
        "IIIIIIYY": 0.016782316651585798,
        "IIIIIIXX": 0.016782316651585798,
        "IIIIIIZI": 0.20702099721157746,
        "IIIIIIZZ": 0.08845084027732125,
        "IIIIIYYI": 0.008153718013330279,
        "IIIIIYYZ": -0.000534932908993604,
        "IIIIIXXI": 0.008153718013330279,
        "IIIIIXXZ": -0.000534932908993604,
        "IIIIIYZY": 0.0371584911528621,
        "IIIIIYIY": 0.0031384123072195885,
        "IIIIIXZX": 0.0371584911528621,
        "IIIIIXIX": 0.0031384123072195885,
        "IIIIIZII": 0.04672849497953013,
        "IIIIIZIZ": 0.09349823150248941,
        "IIIIIZYY": 0.002809372010147871,
        "IIIIIZXX": 0.002809372010147871,
        "IIIIZIII": 0.0341410604886552,
        "IIIIZIIZ": 0.09662527396500659,
        "IIIIZIYY": 0.0029641154733131866,
        "IIIIZIXX": 0.0029641154733131866,
        "IIIIZYZY": 0.0038077508714918014,
        "IIIIZXZX": 0.0038077508714918014,
        "IIIZIIII": 1.381105305795331,
        "IIIZIIIZ": 0.41463866531464333,
        "IIIZIIYY": 0.027973912248786648,
        "IIIZIIXX": 0.027973912248786648,
        "IIIZIYZY": 0.034634910416101394,
        "IIIZIXZX": 0.034634910416101394,
        "IIYYIIII": 0.016782316651585777,
        "IIYYIIIZ": 0.027973912248786644,
        "IIXXIIII": 0.016782316651585777,
        "IIXXIIIZ": 0.027973912248786644,
        "IIYYIIYY": 0.0033462736711448657,
        "IIXXIIYY": 0.0033462736711448657,
        "IIYYIIXX": 0.0033462736711448657,
        "IIXXIIXX": 0.0033462736711448657,
        "IIYYIYZY": 0.0028068672556526434,
        "IIXXIYZY": 0.0028068672556526434,
        "IIYYIXZX": 0.0028068672556526434,
        "IIXXIXZX": 0.0028068672556526434,
        "IYZYIIII": 0.03715849115286213,
        "IYZYIIIZ": 0.034634910416101394,
        "IXZXIIII": 0.03715849115286213,
        "IXZXIIIZ": 0.034634910416101394,
        "IYZYIIYY": 0.0028068672556526434,
        "IXZXIIYY": 0.0028068672556526434,
        "IYZYIIXX": 0.0028068672556526434,
        "IXZXIIXX": 0.0028068672556526434,
        "IYZYIYZY": 0.005414202250325045,
        "IXZXIYZY": 0.005414202250325045,
        "IYZYIXZX": 0.005414202250325045,
        "IXZXIXZX": 0.005414202250325045,
        "YZZYYZZY": 0.002454481630747461,
        "XZZXYZZY": 0.002454481630747461,
        "YZZYXZZX": 0.002454481630747461,
        "XZZXXZZX": 0.002454481630747461,
        "IIZIIIII": 0.20702099721157752,
        "IIZIIIIZ": 0.09179711394846612,
        "IIZIIIYY": -0.00156213269243296,
        "IIZIIIXX": -0.00156213269243296,
        "IIZIIYZY": 0.003978543808492845,
        "IIZIIXZX": 0.003978543808492845,
        "IYYIIIII": 0.008153718013330284,
        "IYYIIIIZ": -0.003341800164646248,
        "IXXIIIII": 0.008153718013330284,
        "IXXIIIIZ": -0.003341800164646248,
        "IYYIIIYY": -0.0008401315012732567,
        "IXXIIIYY": -0.0008401315012732567,
        "IYYIIIXX": -0.0008401315012732567,
        "IXXIIIXX": -0.0008401315012732567,
        "IYYIIYZY": 4.469324261707901e-05,
        "IXXIIYZY": 4.469324261707901e-05,
        "IYYIIXZX": 4.469324261707901e-05,
        "IXXIIXZX": 4.469324261707901e-05,
        "YZYIYZZY": 0.0018729482659041122,
        "XZXIYZZY": 0.0018729482659041122,
        "YZYIXZZX": 0.0018729482659041122,
        "XZXIXZZX": 0.0018729482659041122,
        "IZIIIIII": 0.046728494979530126,
        "IZIIIIIZ": 0.09891243375281444,
        "IZIIIIYY": 0.002764678767530792,
        "IZIIIIXX": 0.002764678767530792,
        "IZIIIYZY": -0.00045790233068288753,
        "IZIIIXZX": -0.00045790233068288753,
        "YYIIYZZY": 0.0025642458929309646,
        "XXIIYZZY": 0.0025642458929309646,
        "YYIIXZZX": 0.0025642458929309646,
        "XXIIXZZX": 0.0025642458929309646,
        "ZIIIIIII": 0.03414106048865517,
        "ZIIIIIIZ": 0.09907975559575405,
        "ZIIIIIYY": 0.0010911672074090744,
        "ZIIIIIXX": 0.0010911672074090744,
        "ZIIIIYZY": 0.001243504978560837,
        "ZIIIIXZX": 0.001243504978560837,
        "IIIIIZZI": 0.052675142411607125,
        "IIIIZIZI": 0.06173099555647845,
        "IIIIZYYI": 0.003387437541102491,
        "IIIIZXXI": 0.003387437541102491,
        "IIIZIIZI": 0.09179711394846612,
        "IIIZIYYI": -0.003341800164646248,
        "IIIZIXXI": -0.003341800164646248,
        "IIYYIIZI": -0.00156213269243296,
        "IIXXIIZI": -0.00156213269243296,
        "IIYYIYYI": -0.0008401315012732567,
        "IIXXIYYI": -0.0008401315012732567,
        "IIYYIXXI": -0.0008401315012732567,
        "IIXXIXXI": -0.0008401315012732567,
        "IYZYIIZI": 0.003978543808492845,
        "IXZXIIZI": 0.003978543808492845,
        "IYZYIYYI": 4.4693242617079e-05,
        "IXZXIYYI": 4.4693242617079e-05,
        "IYZYIXXI": 4.4693242617079e-05,
        "IXZXIXXI": 4.4693242617079e-05,
        "YZZYYZYI": 0.001872948265904112,
        "XZZXYZYI": 0.001872948265904112,
        "YZZYXZXI": 0.001872948265904112,
        "XZZXXZXI": 0.001872948265904112,
        "IIZIIIZI": 0.12189640335132729,
        "IIZIIYYI": 0.012128258597984595,
        "IIZIIXXI": 0.012128258597984595,
        "IYYIIIZI": 0.012128258597984595,
        "IXXIIIZI": 0.012128258597984595,
        "IYYIIYYI": 0.003256149399409095,
        "IXXIIYYI": 0.003256149399409095,
        "IYYIIXXI": 0.003256149399409095,
        "IXXIIXXI": 0.003256149399409095,
        "YZYIYZYI": 0.005861250390236449,
        "XZXIYZYI": 0.005861250390236449,
        "YZYIXZXI": 0.005861250390236449,
        "XZXIXZXI": 0.005861250390236449,
        "IZIIIIZI": 0.05593129181101622,
        "IZIIIYYI": -0.0018579726635282307,
        "IZIIIXXI": -0.0018579726635282307,
        "YYIIYZYI": 0.00481840285602339,
        "XXIIYZYI": 0.00481840285602339,
        "YYIIXZXI": 0.00481840285602339,
        "XXIIXZXI": 0.00481840285602339,
        "ZIIIIIZI": 0.06759224594671491,
        "ZIIIIYYI": -0.0014309653149208984,
        "ZIIIIXXI": -0.0014309653149208984,
        "IIIIZZII": 0.060180983335322465,
        "IIIZIZII": 0.09891243375281444,
        "IIYYIZII": 0.0027646787675307915,
        "IIXXIZII": 0.0027646787675307915,
        "IYZYIZII": -0.0004579023306828875,
        "IXZXIZII": -0.0004579023306828875,
        "YZZYYYII": 0.0025642458929309646,
        "XZZXYYII": 0.0025642458929309646,
        "YZZYXXII": 0.0025642458929309646,
        "XZZXXXII": 0.0025642458929309646,
        "IIZIIZII": 0.05593129181101622,
        "IYYIIZII": -0.001857972663528231,
        "IXXIIZII": -0.001857972663528231,
        "YZYIYYII": 0.0048184028560233905,
        "XZXIYYII": 0.0048184028560233905,
        "YZYIXXII": 0.0048184028560233905,
        "XZXIXXII": 0.0048184028560233905,
        "IZIIIZII": 0.08448109909534184,
        "YYIIYYII": 0.010319322284741956,
        "XXIIYYII": 0.010319322284741956,
        "YYIIXXII": 0.010319322284741956,
        "XXIIXXII": 0.010319322284741956,
        "ZIIIIZII": 0.07050030562006442,
        "IIIZZIII": 0.09907975559575405,
        "IIYYZIII": 0.0010911672074090744,
        "IIXXZIII": 0.0010911672074090744,
        "IYZYZIII": 0.001243504978560837,
        "IXZXZIII": 0.001243504978560837,
        "IIZIZIII": 0.06759224594671491,
        "IYYIZIII": -0.0014309653149208986,
        "IXXIZIII": -0.0014309653149208986,
        "IZIIZIII": 0.07050030562006442,
        "ZIIIZIII": 0.07823637778985229,
        "IIZZIIII": 0.08845084027732125,
        "IYYZIIII": -0.000534932908993604,