{
    "name": "prova",
    "qubit_hamiltonian": {
        "IIII": -0.856785400594809,
        "IIIZ": 0.13716572937099503
    }
}