{
    "name": "prova",
    "qubit_hamiltonian": {
        "IIII": -0.856785400594809,
        "IIZI": -0.130362920571091
    }
}